<launch>
    <arg name="camera_port" default="/dev/video0"/>

    <group ns="user_camera">
        <node pkg="uvc_camera" type="uvc_camera_node" name="uvc_camera" output="screen">
            <param name="width" type="int" value="640"/>
            <param name="height" type="int" value="480"/>
            <param name="fps" type="int" value="30"/>
            <param name="frame" type="string" value="wide_stereo"/>

            <param name="auto_focus" type="bool" value="false"/>
            <param name="focus_absolute" type="int" value="0"/>
            <!-- Other supported params: auto_exposure, exposure_absolute, brightness, power_line_frequency -->

            <param name="device" type="string" value="$(arg camera_port)"/>
        </node>
    </group>
</launch>
